First Name [Required],Last Name [Required],Email Address [Required],Password [Required]
Bastard,User,ojxqsfxleeleks.17t72323507@indahxbermain.com,11111111
Bastard,User,djdnyggjeeleks.17t32594159@indahxbermain.com,11111111
Bastard,User,zqtluhixeeleks.17t50206472@indahxbermain.com,11111111
Bastard,User,ablroeyqeeleks.17t81031391@indahxbermain.com,11111111
Bastard,User,ziwdruhoeeleks.17t66735474@indahxbermain.com,11111111
Bastard,User,udijobuyeeleks.17t86591415@indahxbermain.com,11111111
Bastard,User,dqhidlwueeleks.17t14451628@indahxbermain.com,11111111
Bastard,User,hmtmdzixeeleks.17t71411963@indahxbermain.com,11111111
Bastard,User,nopsmgaseeleks.17t89419061@indahxbermain.com,11111111
Bastard,User,lgxkgopbeeleks.17t70448847@indahxbermain.com,11111111
